RULA_Score,Frequency,Weighted_Sum,Weighted_RULA_Score
4,5858,23432,3.925306204403989
3,5720,17160,3.925306204403989
5,2134,10670,3.925306204403989
6,1197,7182,3.925306204403989
7,28,196,3.925306204403989
2,4,8,3.925306204403989
